Spot_ID,Spot_Type,Spot_Name,Spot_Addr,Spot_Latitude,Spot_Longtitude
2,체험/레져,제주농원,제주특별자치도 서귀포시 성산읍 수산리 1675-4,33.43955388,126.8763772
3,체험/레져,신토불이관광체험농원,제주특별자치도 서귀포시 성산읍 수산리 1039,33.44127345,126.8805773
4,체험/레져,녹차관광농원삼다원,제주특별자치도 제주시 조천읍 와산리 265-1,33.48401739,126.6906057
5,체험/레져,진산식품진산유자농원,제주특별자치도 서귀포시 남원읍 수망리 974,33.3435073,126.6958139
6,체험/레져,제주보타리자연농원,제주특별자치도 제주시 애월읍 봉성리 1313,33.398374,126.326068
7,체험/레져,제주농원,제주특별자치도 서귀포시 표선면 표선리 2585,33.3286331,126.8182803
8,체험/레져,매오름농원,제주특별자치도 서귀포시 표선면 표선리 2504-2,33.32238238,126.8178258
9,체험/레져,유수마을농원,제주특별자치도 제주시 애월읍 유수암리 663,33.4421569,126.4068081
10,체험/레져,라이크관광농원,제주특별자치도 제주시 구좌읍 송당리 1396-3,33.47185274,126.7879191
11,체험/레져,산지농원,제주특별자치도 서귀포시 남원읍 한남리 414,33.30194019,126.6956062
12,체험/레져,오등감귤관광농원,제주특별자치도 제주시 오등동 623,33.47407348,126.5293322
13,체험/레져,효돈농원,제주특별자치도 서귀포시 하효동 1233,33.2490143,126.6142911
14,체험/레져,남양관광농원,제주특별자치도 제주시 화북이동 3250-1,33.50512326,126.5595405
15,체험/레져,성일농원,제주특별자치도 서귀포시 법환동 722-2,33.24679166,126.5133677
16,체험/레져,덕앙농원,제주특별자치도 제주시 구좌읍 덕천리 1308,33.48024371,126.7535715
17,체험/레져,송천농원,제주특별자치도 제주시 한림읍 명월리 836-2,33.38621317,126.2773063
18,체험/레져,명악농원,제주특별자치도 제주시 애월읍 봉성리 1322,33.40047037,126.326602
19,체험/레져,농원목장,제주특별자치도 제주시 월평동 157,33.45456772,126.5852742
20,체험/레져,금송키위농원,제주특별자치도 서귀포시 색달동 산 50,33.29043509,126.4229378
21,체험/레져,브니엘농원,제주특별자치도 제주시 조천읍 함덕리 1779-1,33.5255819,126.6669484
22,체험/레져,안심농원,제주특별자치도 서귀포시 대정읍 동일리 2641,33.23221799,126.240331
23,체험/레져,삼다농원,제주특별자치도 서귀포시 색달동 2079-1,33.25923992,126.4040014
24,체험/레져,사론농원,제주특별자치도 서귀포시 토평동 1032-2,33.26037213,126.586736
25,체험/레져,영실농원,제주특별자치도 제주시 오등동 544,33.46868861,126.5338556
26,체험/레져,에덴농원,제주특별자치도 서귀포시 보목동 1266-1,33.24037193,126.5971639
27,체험/레져,하나농원,제주특별자치도 서귀포시 하효동 1237,33.24772258,126.6133425
28,체험/레져,산전농원,제주특별자치도 제주시 한림읍 금능리 372-1,33.3547985,126.2529223
29,체험/레져,보리농원,제주특별자치도 서귀포시 도순동 196,33.26328203,126.4765866
30,체험/레져,서울농원,제주특별자치도 제주시 조천읍 와흘리 678,33.48739252,126.6436367
31,체험/레져,세현농원,제주특별자치도 서귀포시 회수동 67-3,33.28562356,126.4493788
32,체험/레져,한라농원,제주특별자치도 서귀포시 중문동 산 60-6,33.29344559,126.4325476
33,체험/레져,성림농원,제주특별자치도 서귀포시 서호동 1490,33.26415009,126.5195069
34,체험/레져,코스모스농원,제주특별자치도 서귀포시 서호동 1387-1,33.27127547,126.5092058
35,체험/레져,한빛농원,제주특별자치도 서귀포시 서홍동 1440-1,33.25940471,126.5465189
36,체험/레져,동남농원,제주특별자치도 서귀포시 호근동 1536,33.24573993,126.5313834
37,체험/레져,희농원,제주특별자치도 서귀포시 토평동 2374-1,33.26754501,126.5810227
38,체험/레져,기흥농원,제주특별자치도 서귀포시 남원읍 신흥리 242-22,33.30565426,126.7702056
39,체험/레져,태성망고농원,제주특별자치도 서귀포시 표선면 세화리 2161-4,33.34271308,126.7948354
40,체험/레져,정낭농원,제주특별자치도 서귀포시 남원읍 신흥리 713-2,33.31212291,126.7547047
41,체험/레져,인화망고밀감농원,제주특별자치도 서귀포시 남원읍 신흥리 529-6,33.31143636,126.7627193
42,체험/레져,두산농원,제주특별자치도 제주시 애월읍 납읍리 1509-1,33.43329498,126.3295091
43,체험/레져,솔동산농원,제주특별자치도 제주시 조천읍 와산리 154,33.49247013,126.6922187
44,체험/레져,동굴주말농원,제주특별자치도 제주시 조천읍 선흘리 161-2,33.50779714,126.7199613
45,체험/레져,성실동물농원,제주특별자치도 제주시 구좌읍 덕천리 1334-2,33.47968423,126.7460791
46,체험/레져,푸른농원,제주특별자치도 제주시 해안동 2404,33.4614214,126.4508349
47,체험/레져,두리농원,제주특별자치도 서귀포시 대정읍 인성리 701-27,33.2363006,126.2686541
48,체험/레져,회천관광농원,제주특별자치도 제주시 회천동 산 1,33.47503566,126.6369687
49,체험/레져,귤사랑체험농원,제주특별자치도 서귀포시 성산읍 수산리 1046,33.44018547,126.8788934
50,체험/레져,새올레감귤체험농원,제주특별자치도 서귀포시 성산읍 수산리 278-3,33.44415699,126.892008
51,체험/레져,탐라성관광농원,제주특별자치도 제주시 오등동 935,33.45481162,126.5326088
52,체험/레져,철이네감귤체험농원,제주특별자치도 서귀포시 성산읍 수산리 1048,33.44000292,126.8771373
53,체험/레져,귤림체험농원,제주특별자치도 서귀포시 성산읍 수산리 276,33.4441029,126.8915592
54,체험/레져,왕성관광체험농원,제주특별자치도 서귀포시 안덕면 서광리 2471-2,33.28065182,126.3020482
55,체험/레져,삼다원녹차관광농원,제주특별자치도 제주시 조천읍 와산리 265-1,33.48401739,126.6906057
56,체험/레져,보타리자연농원,제주특별자치도 제주시 애월읍 봉성리 1313,33.398374,126.326068
57,체험/레져,라이크농원,제주특별자치도 제주시 구좌읍 송당7길 15,33.47192832,126.7878321
58,체험/레져,망고밀감농원,제주특별자치도 서귀포시 남원읍 신흥앞동산로11번길 76,33.31143778,126.7626363
59,체험/레져,왕성체험농원,제주특별자치도 서귀포시 안덕면 서광리 2471-2,33.28065182,126.3020482
60,체험/레져,미카엘체험관광농원(구),제주특별자치도 제주시 오라이동 861-1,33.47367854,126.5141808
61,체험/레져,왕성관광농원,제주특별자치도 서귀포시 안덕면 서광리 2471-2,33.28065182,126.3020482
62,체험/레져,운하친환경체험관광농원,제주특별자치도 서귀포시 안덕면 서광리 2462-6,33.28121609,126.3015889
63,체험/레져,자연학습체험장,제주특별자치도 제주시 도평동 129-1,33.4703937,126.4592656
64,체험/레져,최남단체험감귤농장,제주특별자치도 서귀포시 남원읍 남원리 2019,33.29061983,126.6938072
65,체험/레져,한라생태체험학교,제주특별자치도 제주시 애월읍 유수암리 1178,33.40650397,126.4074395
66,체험/레져,신토불이관광체험농원,제주특별자치도 서귀포시 성산읍 수산리 1039,33.44127345,126.8805773
67,체험/레져,제주민속초가집민속전통혼례체험장,제주특별자치도 서귀포시 표선면 성읍리 2632-6,33.40606005,126.7770905
68,체험/레져,아홉굿마을농촌체험교육농장,제주특별자치도 제주시 한경면 낙천리 1913,33.32788225,126.2264683
69,체험/레져,중문농수산감귤체험농장,제주특별자치도 서귀포시 회수동 556-4,33.25237267,126.4424995
70,체험/레져,제주자연생태문화체험장,제주특별자치도 서귀포시 대정읍 무릉리 581,33.27301538,126.2365499
71,체험/레져,초콜릿체험월드,제주특별자치도 제주시 오라이동 861-1,33.47367854,126.5141808
72,체험/레져,떼배체험마당마을,제주특별자치도 서귀포시 성산읍 시흥리,33.46928929,126.8866683
73,체험/레져,우도전복체험장,제주특별자치도 제주시 우도면 연평리 2572,33.49986031,126.9441664
74,체험/레져,감귤체험학습장,제주특별자치도 서귀포시 신효동 산 1-2,33.26573715,126.6087645
75,체험/레져,최남단곤충체험농장,제주특별자치도 서귀포시 남원읍 남원리 2140-1,33.29029158,126.6929154
76,체험/레져,옥림감귤체험농장,제주특별자치도 서귀포시 성산읍 수산리 1948,33.43604883,126.8672979
77,체험/레져,보목어촌체험안내센터,제주특별자치도 서귀포시 보목동 566-3,33.23951236,126.6074151
78,체험/레져,키토산밀감세상체험농장,제주특별자치도 서귀포시 표선면 세화리 254-18,33.30697519,126.8045995
79,체험/레져,제주체험장,제주특별자치도 제주시 구좌읍 동복리 608-3,33.5546604,126.7218937
80,체험/레져,열기구체험,제주특별자치도 서귀포시 법환동 877-3,33.24705185,126.5120847
81,체험/레져,명도암참살이체험농장,제주특별자치도 제주시 봉개동 270-3,33.46224749,126.6068175
82,체험/레져,사계어촌체험마을,제주특별자치도 서귀포시 안덕면 사계리 2147-30,33.22781395,126.3051877
83,체험/레져,못난이귤한라봉체험농장,제주특별자치도 서귀포시 안덕면 화순리 1836-10,33.24519046,126.3284833
84,체험/레져,동광녹색농촌체험마을방문자센터,제주특별자치도 서귀포시 안덕면 동광리 976,33.30616198,126.3373191
85,체험/레져,예래생태체험관,제주특별자치도 서귀포시 하예동 24-1,33.24434654,126.3910471
86,체험/레져,청수7체험마을,제주특별자치도 제주시 한경면 청수리 1310-2,33.31137795,126.2467939
87,체험/레져,전통문화체험장,제주특별자치도 서귀포시 성산읍 온평리 1103-1,33.4007798,126.9014689
88,체험/레져,동부초콜릿체험장,제주특별자치도 서귀포시 표선면 성읍리 2873,33.40843223,126.7704442
89,체험/레져,해거름체험어장,제주특별자치도 제주시 한경면 판포리 2946,33.3638908,126.1966791
90,체험/레져,귤사랑체험농원,제주특별자치도 서귀포시 성산읍 수산리 1046,33.44018547,126.8788934
91,체험/레져,번내골자연에너치체험관,제주특별자치도 서귀포시 안덕면 화순리 1961,33.25917763,126.3314427
92,체험/레져,LG스마트그리드체험관,제주특별자치도 제주시 구좌읍 하도리 1870,33.52767616,126.8786469
93,체험/레져,제주해양레저체험파크,제주특별자치도 서귀포시 안덕면 화순리 636-15,33.23610069,126.3360572
94,체험/레져,이레숲체험농장,제주특별자치도 서귀포시 안덕면 덕수리 1674,33.27507185,126.3057331
95,체험/레져,조랑말체험,제주특별자치도 서귀포시 표선면 가시리 3149-33,33.38317944,126.7360332
96,체험/레져,한수풀해녀학교해녀체험장,제주특별자치도 제주시 한림읍 귀덕리 4110-2,33.44267879,126.2785775
97,체험/레져,농촌사랑시범마을농촌체험관,제주특별자치도 제주시 애월읍 유수암리 1905,33.44162984,126.4017896
98,체험/레져,제주아홉굿마을농촌체험교육농장,제주특별자치도 제주시 한경면 낙천리 1913,33.32788225,126.2264683
99,체험/레져,녹색농촌체험관,제주특별자치도 제주시 애월읍 소길리 650-3,33.44003243,126.3798598
100,체험/레져,감귤체험농장,제주특별자치도 제주시 한림읍 금능리 383,33.35661271,126.2505409
101,체험/레져,미카엘초콜릿체험장,제주특별자치도 제주시 오라이동 861-1,33.47367854,126.5141808
102,체험/레져,저지리약용작물유통센터체험관,제주특별자치도 제주시 한경면 저지리 2114-178,33.33679604,126.2632601
103,체험/레져,활쏘기체험장,제주특별자치도 서귀포시 표선면 성읍리 2429-2,33.40477075,126.7809501
104,체험/레져,무릉2리무릉도원녹색농촌체험마을,제주특별자치도 서귀포시 대정읍 무릉리 635-7,33.27441639,126.2355899
105,체험/레져,수산2리생태체험센터,제주특별자치도 서귀포시 성산읍 수산리 2462-1,33.43929456,126.8629583
106,체험/레져,승마마차체험장,제주특별자치도 서귀포시 성산읍 신풍리 39-1,33.35678642,126.8632904
107,체험/레져,하원동산체험농장,제주특별자치도 서귀포시 하원동 1342-1,33.25401089,126.4570644
108,체험/레져,조랑말체험,제주특별자치도 서귀포시 표선면 가시리 3149-16,33.38287734,126.7358137
109,체험/레져,위미1리어촌체험마을,제주특별자치도 서귀포시 남원읍 위미리 2937-2,33.27118792,126.6589085
110,체험/레져,귤림체험농원,제주특별자치도 서귀포시 성산읍 수산리 276,33.4441029,126.8915592
111,체험/레져,현대153체험농장,제주특별자치도 서귀포시 성산읍 삼달리 1769-2,33.39031042,126.8300878
112,체험/레져,감귤따기체험농장,제주특별자치도 서귀포시 신효동 599-4,33.26611627,126.6100643
113,체험/레져,몬딱쉼터체험농장,제주특별자치도 서귀포시 토평동 1677-1,33.27818617,126.5884693
114,체험/레져,제주목장체험관,제주특별자치도 제주시 한경면 신창리 542-9,33.34603815,126.1793956
115,체험/레져,상생학습체험장,제주특별자치도 제주시 도평동 129-1,33.4703937,126.4592656
116,체험/레져,최남단농촌체험테마,제주특별자치도 서귀포시 남원읍 남원리 2019,33.29061983,126.6938072
117,체험/레져,생태체험학교,제주특별자치도 제주시 애월읍 유수암리 1178,33.40650397,126.4074395
118,체험/레져,자연생태체험장,제주특별자치도 서귀포시 대정읍 무릉리 581,33.27301538,126.2365499
119,체험/레져,방선문체험월드,제주특별자치도 제주시 오라이동 861-1,33.47367854,126.5141808
120,체험/레져,곤충체험농장,제주특별자치도 서귀포시 남원읍 남원리 2140-1,33.29029158,126.6929154
121,체험/레져,보목어촌체험안내센타,제주특별자치도 서귀포시 보목포로 46,33.23922256,126.6067649
122,체험/레져,밀감세상체험농장,제주특별자치도 서귀포시 표선면 세화리 254-18,33.30697519,126.8045995
123,체험/레져,열기구카트체험,제주특별자치도 서귀포시 법환상로2번길 97-17,33.24701709,126.5120169
124,체험/레져,실내돌고래체험관,제주특별자치도 서귀포시 안덕면 화순중앙로 132,33.24081013,126.3347133
125,체험/레져,녹색농촌체험마을방문자센터,제주특별자치도 서귀포시 안덕면 동광로 107,33.30650249,126.3375695
126,체험/레져,셰프라인체험랜드,제주특별자치도 제주시 구좌읍 송당리 2635-3,33.43596853,126.7315602
127,체험/레져,자연에너치체험관,제주특별자치도 서귀포시 안덕면 화순리 1961,33.25917763,126.3314427
128,체험/레져,무릉도원녹색농촌체험마을,제주특별자치도 서귀포시 대정읍 무릉리 635-7,33.27441639,126.2355899
129,체험/레져,수산2리생태체험센타,제주특별자치도 서귀포시 성산읍 금백조로 96,33.43929146,126.8628506
130,체험/레져,최남단감귤체험장,제주특별자치도 서귀포시 남원읍 남위남성로 164,33.29002591,126.6937668
131,체험/레져,제주자연생태문화체험관,제주특별자치도 서귀포시 대정읍 무릉리 581,33.27301538,126.2365499
132,체험/레져,미카엘체험관광농원(구),제주특별자치도 제주시 오라이동 861-1,33.47367854,126.5141808
133,체험/레져,카트체험,제주특별자치도 서귀포시 법환상로2번길 97-17,33.24701709,126.5120169
134,체험/레져,무릉도원농촌체험마을,제주특별자치도 서귀포시 대정읍 무릉리 635-7,33.27441639,126.2355899
135,체험/레져,최남단감귤체험농장,제주특별자치도 서귀포시 남원읍 남위남성로 164,33.29002591,126.6937668
136,체험/레져,자연생태체험관,제주특별자치도 서귀포시 대정읍 무릉리 581,33.27301538,126.2365499
137,문화/예술/역사,제주민속촌박물관,제주특별자치도 서귀포시 표선면 표선리 40-1,33.3224977,126.8418717
138,문화/예술/역사,석부작박물관,제주특별자치도 서귀포시 호근동 569-2,33.25056098,126.5364495
139,문화/예술/역사,국립제주박물관,제주특별자치도 제주시 건입동 261,33.51340544,126.548775
140,문화/예술/역사,제주교육박물관,제주특별자치도 제주시 이도이동 539-14,33.49449275,126.538087
141,문화/예술/역사,제주특별자치도민속자연사박물관,제주특별자치도 제주시 일도이동 996-1,33.50632669,126.5315668
142,문화/예술/역사,제주민속박물관,제주특별자치도 제주시 삼양삼동 2505,33.52192008,126.5766262
143,문화/예술/역사,초콜릿박물관,제주특별자치도 서귀포시 대정읍 일과리 551-18,33.25720774,126.2298564
144,문화/예술/역사,아프리카박물관,제주특별자치도 서귀포시 대포동 1833,33.23984167,126.4290907
145,문화/예술/역사,제주신영영화박물관,제주특별자치도 서귀포시 남원읍 남원리 2381,33.27444522,126.704573
146,문화/예술/역사,제주전쟁역사평화박물관,제주특별자치도 제주시 한경면 청수리 1166 ,33.3058296,126.248962
147,문화/예술/역사,성산포조가비박물관,제주특별자치도 서귀포시 성산읍 시흥리 12-87,33.47765214,126.9082648
148,문화/예술/역사,제주화석박물관,제주특별자치도 서귀포시 표선면 하천리 357-1,33.34378116,126.8438077
149,문화/예술/역사,서귀포감귤박물관,제주특별자치도 서귀포시 신효동 산 1,33.26573715,126.6087645
150,문화/예술/역사,소리섬박물관,제주특별자치도 서귀포시 색달동 2864-36,33.24942817,126.413459
151,문화/예술/역사,세계성문화박물관,제주특별자치도 서귀포시 법환동 914 ,33.24645031,126.5090628
152,문화/예술/역사,건강과성박물관,제주특별자치도 서귀포시 안덕면 감산리 1736,33.25470702,126.3456206
153,문화/예술/역사,돌거북이수석박물관,제주특별자치도 제주시 한경면 청수리 20-3,33.31584264,126.2623171
154,문화/예술/역사,제주해녀박물관,제주특별자치도 제주시 구좌읍 상도리 3204-1 ,33.50478162,126.8784816
155,문화/예술/역사,우도박물관,제주특별자치도 제주시 우도면 연평리 1457,33.50742182,126.9537452
156,문화/예술/역사,제주요도자기박물관,제주특별자치도 제주시 애월읍 광령리 97,33.45727811,126.442401
157,문화/예술/역사,민석박물관,제주특별자치도 제주시 추자면 신양리 210-1,33.94637364,126.3304851
158,문화/예술/역사,제주돌마을공원수석박물관,제주특별자치도 제주시 한림읍 금능리 368-2,33.35398253,126.2536665
159,문화/예술/역사,닥종이인형박물관,제주특별자치도 서귀포시 법환동 914 ,33.24645031,126.5090628
160,문화/예술/역사,세계자동차제주박물관,제주특별자치도 서귀포시 안덕면 상창리 2065-4,33.2831935,126.3499737
161,문화/예술/역사,믿거나말거나박물관,제주특별자치도 서귀포시 색달동 2864-2,33.25120677,126.4128843
162,문화/예술/역사,세계조가비박물관,제주특별자치도 서귀포시 서홍동 557-1,33.24752205,126.5517385
163,문화/예술/역사,제주유리박물관,제주특별자치도 서귀포시 상예동 4303,33.27834765,126.3699972
164,문화/예술/역사,봉황솟대박물관,제주특별자치도 제주시 한경면 청수리 20-3,33.31584264,126.2623171
165,문화/예술/역사,제주옹기박물관,제주특별자치도 서귀포시 대정읍 구억리 889-1,33.27527167,126.281705
166,문화/예술/역사,제주항공우주박물관,제주특별자치도 서귀포시 안덕면 서광리 산 39,33.30268402,126.2991575
167,문화/예술/역사,그리스신화박물관,제주특별자치도 제주시 한림읍 금악리 942,33.3676507,126.3030556
168,문화/예술/역사,제주휴먼박물관(인체박물관),제주특별자치도 서귀포시 성산읍 난산리 2515,33.406589,126.8450154
169,문화/예술/역사,별난물건박물관,제주특별자치도 서귀포시 대정읍 보성리 780,33.26222113,126.2755412
170,문화/예술/역사,박물관은살아있다,제주특별자치도 서귀포시 색달동 2558-1,33.25494801,126.413616
171,문화/예술/역사,본태박물관,제주특별자치도 서귀포시 안덕면 상천리 380,33.3038124,126.3925569
172,문화/예술/역사,조랑말체험공원박물관,제주특별자치도 서귀포시 표선면 가시리 산 41,33.38583027,126.7337349
173,문화/예술/역사,아름다운박물관새녘,제주특별자치도 서귀포시 성산읍 신천리 176-1,33.34807807,126.8591615
174,문화/예술/역사,한라산산악박물관,제주특별자치도 제주시 오등동 산 180-3,33.42192405,126.5506426
175,문화/예술/역사,넥슨컴퓨터박물관,제주특별자치도 제주시 노형동 86,33.47202077,126.485584
176,문화/예술/역사,세계술박물관,제주특별자치도 서귀포시 표선면 하천리 1814-1,33.35393673,126.8177161
177,문화/예술/역사,제주커피박물관바움,제주특별자치도 서귀포시 성산읍 고성리 2044,33.44071494,126.8990852
178,문화/예술/역사,제주박물관,제주특별자치도 제주시 건입동 261,33.51340544,126.548775
179,문화/예술/역사,교육박물관,제주특별자치도 제주시 이도이동 539-14,33.49449275,126.538087
180,문화/예술/역사,제주도민속자연사박물관,제주특별자치도 제주시 일도이동 996-1,33.50632669,126.5315668
181,문화/예술/역사,쵸콜릿박물관,제주특별자치도 서귀포시 대정읍 일과리 551-18,33.25720774,126.2298564
182,문화/예술/역사,테디베어박물관,제주특별자치도 서귀포시 색달동 2889,33.24996381,126.4122125
183,문화/예술/역사,신영영화박물관,제주특별자치도 서귀포시 남원읍 남원리 2381,33.27444522,126.704573
184,문화/예술/역사,제주전쟁역사박물관,제주특별자치도 제주시 한경면 청수리 1166 ,33.3058296,126.248962
185,문화/예술/역사,조가비박물관,제주특별자치도 서귀포시 성산읍 시흥리 12-87,33.47765214,126.9082648
186,문화/예술/역사,화석박물관,제주특별자치도 서귀포시 표선면 하천리 357-1,33.34378116,126.8438077
187,문화/예술/역사,감귤박물관,제주특별자치도 서귀포시 신효동 산 1,33.26573715,126.6087645
188,문화/예술/역사,제주세계성문화박물관,제주특별자치도 서귀포시 법환동 914 ,33.24645031,126.5090628
189,문화/예술/역사,수컷돌거북이수석박물관,제주특별자치도 제주시 한경면 청수리 20-3,33.31584264,126.2623171
190,문화/예술/역사,해녀박물관,제주특별자치도 제주시 구좌읍 상도리 3204-1 ,33.50478162,126.8784816
191,문화/예술/역사,돌마을공원수석박물관,제주특별자치도 제주시 한림읍 금능남로 421,33.35408844,126.2534135
192,문화/예술/역사,세계자동차박물관,제주특별자치도 서귀포시 안덕면 중산간서로 1610,33.28287613,126.3496279
193,문화/예술/역사,조가비박물관,제주특별자치도 서귀포시 태평로 284,33.24744608,126.5516316
194,문화/예술/역사,제주레오나르도다빈치과학박물관,제주특별자치도 서귀포시 안덕면 상천리 776,33.31136722,126.3721151
195,문화/예술/역사,유리의성박물관,제주특별자치도 서귀포시 중산간서로 1403,33.27855408,126.3694617
196,문화/예술/역사,그리스신화박물관,제주특별자치도 제주시 한림읍 광산로 942,33.34875214,126.3569335
197,문화/예술/역사,제주휴먼박물관인체박물관,제주특별자치도 서귀포시 성산읍 난산로 293,33.40661232,126.8450646
198,문화/예술/역사,인체과학박물관,제주특별자치도 서귀포시 일주서로 532,33.25403633,126.4519647
199,문화/예술/역사,놀라운트릭아이박물관,제주특별자치도 제주시 한림읍 광산로 942,33.34875214,126.3569335
200,문화/예술/역사,새녘박물관,제주특별자치도 서귀포시 성산읍 신천리 176-1,33.34807807,126.8591615
201,문화/예술/역사,컴퓨터박물관,제주특별자치도 제주시 1100로 3198-8,33.47211918,126.4857998
202,문화/예술/역사,오설록녹차박물관,제주특별자치도 서귀포시 안덕면 서광리 1235-3,33.3060958,126.2927855
203,문화/예술/역사,제주민속자연사박물관,제주특별자치도 제주시 삼성로 40,33.50651201,126.5315229
204,문화/예술/역사,전쟁역사박물관제주,제주특별자치도 제주시 한경면 청수서5길 63,33.30581807,126.2495473
205,문화/예술/역사,자동차박물관,제주특별자치도 서귀포시 안덕면 중산간서로 1610,33.28287613,126.3496279
206,문화/예술/역사,다빈치박물관제주,제주특별자치도 서귀포시 안덕면 상천리 776,33.31136722,126.3721151
207,문화/예술/역사,제주인체박물관,제주특별자치도 서귀포시 성산읍 난산로 293,33.40661232,126.8450646
208,문화/예술/역사,민속자연사박물관,제주특별자치도 제주시 삼성로 40,33.50651201,126.5315229
209,문화/예술/역사,제주테디베어박물관,제주특별자치도 서귀포시 중문관광로110번길 31,33.25021345,126.4116964
210,문화/예술/역사,평화박물관(구),제주특별자치도 제주시 한경면 청수서5길 63,33.30581807,126.2495473
211,문화/예술/역사,제주다빈치박물관,제주특별자치도 서귀포시 안덕면 상천리 776,33.31136722,126.3721151
212,문화/예술/역사,트릭아이박물관,제주특별자치도 제주시 한림읍 광산로 942,33.34875214,126.3569335
213,문화/예술/역사,제주조명박물관,제주특별자치도 서귀포시 토평남로48번길 53,33.26184483,126.5955369
214,문화/예술/역사,서귀포시립기당미술관,제주특별자치도 서귀포시 서홍동 34,33.27061785,126.5559784
215,문화/예술/역사,제주도립미술관,제주특별자치도 제주시 연동 680-7,33.45257907,126.4896829
216,문화/예술/역사,어당미술관,제주특별자치도 서귀포시 성산읍 신풍리 1466-12,33.37574507,126.8199754
217,문화/예술/역사,제주현대미술관본관,제주특별자치도 제주시 한경면 저지리 2120-35,33.33746688,126.2664222
218,문화/예술/역사,바당미술관,제주특별자치도 서귀포시 대정읍 일과리 1924-3,33.24388173,126.2185586
219,문화/예술/역사,초계미술관,제주특별자치도 제주시 애월읍 하귀2리 2742,33.48722153,126.3904868
220,문화/예술/역사,자연사랑미술관,제주특별자치도 서귀포시 표선면 가시리 1924,33.35506847,126.771711
221,문화/예술/역사,놀라운트릭아이미술관,제주특별자치도 제주시 한림읍 금악리 산 30-12,33.34799191,126.3567767
222,문화/예술/역사,제주현대미술관분관,제주특별자치도 제주시 한경면 저지리 2120-167,33.33731496,126.2665226
223,문화/예술/역사,왈종미술관,제주특별자치도 서귀포시 동홍동 281-2,33.24518512,126.5737564
224,문화/예술/역사,유퉁의미술관,제주특별자치도 서귀포시 남원읍 수망리 1095,33.33923422,126.7093224
225,문화/예술/역사,기당미술관,제주특별자치도 서귀포시 서홍동 34,33.27061785,126.5559784
226,문화/예술/역사,현대미술관본관,제주특별자치도 제주시 한경면 저지12길 100,33.33750236,126.266157
227,문화/예술/역사,서귀포기당미술관,제주특별자치도 서귀포시 분토왓로 56-20,33.27044818,126.5551987
228,문화/예술/역사,트릭아이미술관,제주특별자치도 제주시 한림읍 광산로 942,33.34875214,126.3569335
229,공원/산/동.식물원,제주여미지식물원,제주특별자치도 서귀포시 색달동 2920,33.25271535,126.4135191
230,공원/산/동.식물원,생각하는정원,제주특별자치도 제주시 한경면 저지리 1534,33.32559823,126.2554771
231,공원/산/동.식물원,한림공원,제주특별자치도 제주시 한림읍 협재리 2644,33.38853492,126.2389823
232,공원/산/동.식물원,한라수목원,제주특별자치도 제주시 연동 1000,33.46943724,126.4912124
233,공원/산/동.식물원,삼무공원,제주특별자치도 제주시 연동 270-5,33.49165342,126.4915449
234,공원/산/동.식물원,스모르공원,제주특별자치도 서귀포시 서호동 82,33.24135914,126.5263203
235,공원/산/동.식물원,걸매생활체육공원,제주특별자치도 서귀포시 서홍동 471,33.24983901,126.5547526
236,공원/산/동.식물원,어린이공원,제주특별자치도 제주시 삼도일동 547-11,33.50217075,126.5218109
237,공원/산/동.식물원,사라봉공원,제주특별자치도 제주시 건입동 387-1,33.51770452,126.5458078
238,공원/산/동.식물원,금능소공원,제주특별자치도 제주시 한림읍 금능리 1944-1,33.38216128,126.2200348
239,공원/산/동.식물원,자고내쉼터,제주특별자치도 제주시 한림읍 명월리 1577-1,33.3795497,126.2638978
240,공원/산/동.식물원,구좌중앙쉼터,제주특별자치도 제주시 구좌읍 월정리 85-1,33.55132145,126.7971887
241,공원/산/동.식물원,제주돌문화공원,제주특별자치도 제주시 조천읍 교래리 산 119,33.44156976,126.6537387
242,공원/산/동.식물원,일도체육공원,제주특별자치도 제주시 일도이동 46-2,33.50448969,126.5474485
243,공원/산/동.식물원,서귀포테니스공원,제주특별자치도 서귀포시 동홍동 1447,33.25794221,126.5643382
244,공원/산/동.식물원,이도근린공원,제주특별자치도 제주시 이도이동 440,33.49723316,126.5441977
245,공원/산/동.식물원,수운근린공원,제주특별자치도 제주시 이도이동 371,33.50029789,126.5397127
246,공원/산/동.식물원,한라산국립공원,제주특별자치도 제주시 노형동 산 20-16,33.38909567,126.5111607
247,공원/산/동.식물원,아름다운돌공원,제주특별자치도 제주시 노형동 117-1,33.46887629,126.4846332
248,공원/산/동.식물원,조천만세동산성역화공원,제주특별자치도 제주시 조천읍 조천리 1142,33.54060909,126.6422916
249,공원/산/동.식물원,샘물공원,제주특별자치도 제주시 조천읍 함덕리 272-76,33.54039382,126.6754908
250,공원/산/동.식물원,북촌돌하르방공원,제주특별자치도 제주시 조천읍 북촌리 1084,33.53951418,126.6894883
251,공원/산/동.식물원,삼달리체육공원,제주특별자치도 서귀포시 성산읍 삼달리 1880-1,33.38752011,126.8255376
252,공원/산/동.식물원,해양소공원,제주특별자치도 서귀포시 남원읍 위미리 2937-2,33.27118792,126.6589085
253,공원/산/동.식물원,구남모루소공원,제주특별자치도 서귀포시 남원읍 위미리 3645,33.29928786,126.6553191
254,공원/산/동.식물원,노형미리내공원,제주특별자치도 제주시 노형동 1887,33.45929624,126.4788152
255,공원/산/동.식물원,제주4점3평화공원,제주특별자치도 제주시 봉개동 237-2,33.45106676,126.61869
256,공원/산/동.식물원,제주어린이교통공원,제주특별자치도 제주시 봉개동 산 53-20,33.45147,126.6240443
257,공원/산/동.식물원,송당초등학교체육공원,제주특별자치도 제주시 구좌읍 송당리 1594,33.46972393,126.7748492
258,공원/산/동.식물원,세천동체육공원,제주특별자치도 서귀포시 남원읍 위미리 849-1,33.27100391,126.6778414
259,공원/산/동.식물원,월산체육공원,제주특별자치도 제주시 노형동 3512-1,33.46990338,126.4618848
260,공원/산/동.식물원,어린이공원,제주특별자치도 제주시 연동 2319-1,33.49184251,126.4866591
261,공원/산/동.식물원,어린이공원,제주특별자치도 제주시 노형동 1285-2,33.48548032,126.4766726
262,공원/산/동.식물원,어린이공원,제주특별자치도 제주시 연동 266-2,33.48315583,126.4888818
263,공원/산/동.식물원,연동공원,제주특별자치도 제주시 연동 297-1,33.48309445,126.4941632
264,공원/산/동.식물원,어린이공원,제주특별자치도 제주시 연동 293-6,33.48704493,126.4943427
265,공원/산/동.식물원,수산체육공원,제주특별자치도 서귀포시 성산읍 수산리 3105,33.44583765,126.8546495
266,공원/산/동.식물원,왕빛나무쉼터,제주특별자치도 서귀포시 남원읍 수망리 산 126,33.34983753,126.6984966
267,공원/산/동.식물원,교래리소공원,제주특별자치도 제주시 조천읍 교래리 280,33.42773599,126.6741097
268,공원/산/동.식물원,봉개동생활체육장,제주특별자치도 제주시 회천동 1787-1,33.48332543,126.6108668
269,공원/산/동.식물원,어린이공원,제주특별자치도 제주시 이도이동 404,33.49747423,126.5408445
270,공원/산/동.식물원,걸매생태공원,제주특별자치도 서귀포시 서홍동 470,33.24978102,126.55492
271,공원/산/동.식물원,신학공원,제주특별자치도 서귀포시 서호동 1473-4,33.25164523,126.5119866
272,공원/산/동.식물원,레포츠공원,제주특별자치도 제주시 용담삼동 1089,33.51832421,126.4990269
273,공원/산/동.식물원,신풍레포츠공원,제주특별자치도 서귀포시 성산읍 신풍리 1561-4,33.37966245,126.8156766
274,공원/산/동.식물원,한경공원,제주특별자치도 제주시 한경면 신창리 1077-1,33.34054269,126.1826484
275,공원/산/동.식물원,망동산소공원,제주특별자치도 제주시 한경면 신창리 728,33.3451606,126.1849612
276,공원/산/동.식물원,별내린전망대,제주특별자치도 서귀포시 색달동 2943,33.24752011,126.4175955
277,공원/산/동.식물원,한라산전망대,제주특별자치도 서귀포시 색달동 2957-1,33.24849871,126.4158648
278,공원/산/동.식물원,동난드르쉼터,제주특별자치도 서귀포시 하예동 1729,33.23409464,126.3766701
279,공원/산/동.식물원,창고천생태공원,제주특별자치도 서귀포시 안덕면 감산리 1949,33.24359099,126.3608144
280,공원/산/동.식물원,대섭공원,제주특별자치도 제주시 애월읍 신엄리 954-4,33.47784048,126.3699912
281,공원/산/동.식물원,도련동네체육시설,제주특별자치도 제주시 도련이동 739-3,33.51247605,126.5960661
282,공원/산/동.식물원,오당빌레쉼터,제주특별자치도 제주시 애월읍 하가리 846-1,33.45391856,126.3518615
283,공원/산/동.식물원,애월한담공원,제주특별자치도 제주시 애월읍 애월리 2459-1,33.45958051,126.3111091
284,공원/산/동.식물원,귀덕궤물동산,제주특별자치도 제주시 한림읍 귀덕리 3025-2,33.44252387,126.2895761
285,공원/산/동.식물원,남도리쉼터,제주특별자치도 제주시 애월읍 신엄리 2806-7,33.47710528,126.3535722
286,공원/산/동.식물원,도치돌소공원,제주특별자치도 제주시 애월읍 어음리 3901,33.41594297,126.3530585
287,공원/산/동.식물원,거린오름,제주특별자치도 서귀포시 안덕면 서광리 585,33.2992243,126.327748
288,공원/산/동.식물원,당오름,제주특별자치도 서귀포시 안덕면 동광리 68-1,33.3179753,126.3588941
289,공원/산/동.식물원,남송이오름,제주특별자치도 서귀포시 안덕면 서광리 33,33.28919206,126.3335911
290,공원/산/동.식물원,카멜리아힐(동백언덕),제주특별자치도 서귀포시 안덕면 상창리 271,33.28976437,126.3698595
291,공원/산/동.식물원,신산공원,제주특별자치도 제주시 일도이동 879,33.50589786,126.5349434
292,공원/산/동.식물원,아열대식물원,제주특별자치도 제주시 한림읍 협재리 2480,33.38964405,126.2378982
293,공원/산/동.식물원,선녀와나무꾼테마공원,제주특별자치도 제주시 조천읍 선흘리 1997,33.47899675,126.7035247
294,공원/산/동.식물원,서귀미로공원,제주특별자치도 서귀포시 법환동 877,33.24731691,126.5125511
295,공원/산/동.식물원,혼인지마을체육공원,제주특별자치도 서귀포시 성산읍 온평리 1268-8,33.39391986,126.8978315
296,공원/산/동.식물원,상효원식물원,제주특별자치도 서귀포시 상효동 산 25,33.30668603,126.5853316
297,공원/산/동.식물원,향기정원,제주특별자치도 서귀포시 신효동 산 20-2,33.26573715,126.6087645
298,공원/산/동.식물원,문화공원,제주특별자치도 서귀포시 강정동 176,33.25071268,126.5080293
299,공원/산/동.식물원,열린쉼터,제주특별자치도 서귀포시 보목동 892-3,33.24533027,126.5995855
300,공원/산/동.식물원,싱계물공원,제주특별자치도 제주시 한경면 신창리 1322-4,33.34309799,126.1740763
301,공원/산/동.식물원,정모시쉼터,제주특별자치도 서귀포시 서귀동 109,33.24632327,126.5716231
302,공원/산/동.식물원,휴애리자연생활공원,제주특별자치도 서귀포시 남원읍 신례리 2081,33.3088511,126.6337813
303,공원/산/동.식물원,영모공원,제주특별자치도 제주시 애월읍 납읍리 1364,33.42825119,126.3303863
304,공원/산/동.식물원,어린이공원,제주특별자치도 제주시 이도이동 1146-1,33.50062402,126.5340992
305,공원/산/동.식물원,향군공원,제주특별자치도 서귀포시 동홍동 100-3,33.2575025,126.5766554
306,공원/산/동.식물원,다스름테마파크,제주특별자치도 제주시 한경면 저지리 1550-1,33.32629239,126.2600621
307,공원/산/동.식물원,어린이공원,제주특별자치도 제주시 연동 311-33,33.49152379,126.4989612
308,공원/산/동.식물원,연동근린공원,제주특별자치도 제주시 연동 1369,33.48233379,126.4884065
309,공원/산/동.식물원,칠십리시공원,제주특별자치도 서귀포시 서홍동 571-3,33.24737648,126.5533774
310,공원/산/동.식물원,중앙공원,제주특별자치도 서귀포시 서귀동 277-1,33.25015801,126.5634835
311,공원/산/동.식물원,아열대식물원,제주특별자치도 서귀포시 신효동 1200-2,33.27171894,126.6084067
312,공원/산/동.식물원,하늘아래수목원,제주특별자치도 서귀포시 서홍동 산 52-4,33.28531329,126.5329066
313,공원/산/동.식물원,솜반천,제주특별자치도 서귀포시 서홍동 1223-14,33.25358131,126.5535405
314,공원/산/동.식물원,대천동도순소공원,제주특별자치도 서귀포시 도순동 1368,33.26518689,126.476669
315,공원/산/동.식물원,예래동도시숲,제주특별자치도 서귀포시 하예동 1572,33.23642189,126.375139
316,공원/산/동.식물원,쇼나조각공원,제주특별자치도 서귀포시 대포동 1833,33.23984167,126.4290907
317,공원/산/동.식물원,중문미로공원,제주특별자치도 서귀포시 색달동 2864-10,33.2504907,126.4141381
318,공원/산/동.식물원,초록동산,제주특별자치도 서귀포시 성산읍 온평리 1577,33.40817833,126.8967791
319,공원/산/동.식물원,제주시생활체육공원,제주특별자치도 제주시 회천동 3-21,33.47236143,126.6366427
320,공원/산/동.식물원,망동산공원,제주특별자치도 제주시 화북일동 1957,33.52147751,126.5648156
321,공원/산/동.식물원,사라봉공원,제주특별자치도 제주시 화북일동 4520,33.51837776,126.5563366
322,공원/산/동.식물원,종달고망난돌쉼터,제주특별자치도 제주시 구좌읍 종달리 112-5,33.51024649,126.9067589
323,공원/산/동.식물원,파평윤씨공원,제주특별자치도 제주시 우도면 연평리 1090,33.51977521,126.9561966
324,공원/산/동.식물원,한원리소공원,제주특별자치도 제주시 한경면 두모리 3023,33.33462252,126.2008379
325,공원/산/동.식물원,제원어린이공원,제주특별자치도 제주시 연동 252-23,33.4873801,126.4863077
326,공원/산/동.식물원,하모체육공원,제주특별자치도 서귀포시 대정읍 하모리 2139-2,33.21875974,126.2524646
327,공원/산/동.식물원,녹남못꽃동산,제주특별자치도 서귀포시 대정읍 상모리 2824-3,33.21932987,126.2696813
328,공원/산/동.식물원,제주오름공원,제주특별자치도 제주시 오라이동 1820,33.48511355,126.5101537
329,공원/산/동.식물원,환상숲,제주특별자치도 제주시 한경면 저지리 2848-2,33.32293001,126.2635772
330,공원/산/동.식물원,기적의공원,제주특별자치도 제주시 노형동 731,33.48026906,126.4826604
331,공원/산/동.식물원,설문대할망테마공원,제주특별자치도 서귀포시 성산읍 신풍리 716,33.36267923,126.8354475
332,공원/산/동.식물원,제주승마공원,제주특별자치도 제주시 애월읍 유수암리 1178,33.40650397,126.4074395
333,공원/산/동.식물원,감산마을체육공원,제주특별자치도 서귀포시 안덕면 감산리 347,33.25796933,126.3541491
334,공원/산/동.식물원,월림리소공원,제주특별자치도 제주시 한림읍 월림리 293-1,33.34809745,126.2564713
335,공원/산/동.식물원,올레길쉼터,제주특별자치도 서귀포시 표선면 토산리 산 13,33.32243705,126.7737542
336,공원/산/동.식물원,가시리체육공원,제주특별자치도 서귀포시 표선면 가시리 1987-1,33.35312908,126.7748134
337,공원/산/동.식물원,청수소공원,제주특별자치도 제주시 한경면 청수리 3389,33.30846645,126.2461961
338,공원/산/동.식물원,청수곶자왈,제주특별자치도 제주시 한경면 청수리 93,33.30561237,126.2617687
339,공원/산/동.식물원,애월근린공원,제주특별자치도 제주시 애월읍 고내리 1338,33.46353173,126.333072
340,공원/산/동.식물원,바르게동산,제주특별자치도 제주시 구좌읍 행원리 438-2,33.54931428,126.8138738
341,공원/산/동.식물원,올레길쉼터,제주특별자치도 서귀포시 표선면 표선리 2372-1,33.30777193,126.8184334
342,공원/산/동.식물원,테마쉼터,제주특별자치도 제주시 애월읍 고내리 730-2,33.45268311,126.3419988
343,공원/산/동.식물원,녹차미로공원,제주특별자치도 서귀포시 색달동 산 50,33.29043509,126.4229378
344,공원/산/동.식물원,산이물공원,제주특별자치도 서귀포시 대정읍 하모리 1097-1,33.22101731,126.2468287
345,공원/산/동.식물원,근린공원,제주특별자치도 서귀포시 성산읍 시흥리 99-1,33.4740223,126.9049137
346,공원/산/동.식물원,노루생태관찰원,제주특별자치도 제주시 봉개동 산 51-2,33.44488052,126.6257325
347,공원/산/동.식물원,낙천의자공원,제주특별자치도 제주시 한경면 낙천리 1917,33.32750173,126.2261796
348,공원/산/동.식물원,탑동광장,제주특별자치도 제주시 건입동 1444,33.51808867,126.5266597
349,공원/산/동.식물원,회을공원,제주특별자치도 서귀포시 대정읍 가파리 464,33.16908986,126.2704487
350,공원/산/동.식물원,색달마을체육공원,제주특별자치도 서귀포시 색달동 1611-1,33.26508695,126.4144234
351,공원/산/동.식물원,다락쉼터,제주특별자치도 제주시 애월읍 고내리 462,33.470135,126.340571
352,공원/산/동.식물원,근린공원,제주특별자치도 제주시 조천읍 함덕리 4145-1,33.53923827,126.6737494
353,공원/산/동.식물원,근린공원,제주특별자치도 제주시 도남동 67-20,33.49053226,126.529954
354,공원/산/동.식물원,봉글래쉼터,제주특별자치도 제주시 추자면 대서리 산 155,33.96598168,126.2903447
355,공원/산/동.식물원,장작평사와친수공원,제주특별자치도 제주시 추자면 신양리 874-13,33.94007601,126.3237928
356,공원/산/동.식물원,영흥쉼터,제주특별자치도 제주시 추자면 영흥리 31-14,33.95777684,126.3015903
357,공원/산/동.식물원,곶자왈도립공원,제주특별자치도 서귀포시 대정읍 보성리 산 1,33.2892557,126.2750225
358,공원/산/동.식물원,조랑말체험공원,제주특별자치도 서귀포시 표선면 가시리 산 41,33.38583027,126.7337349
359,공원/산/동.식물원,벌내물공원,제주특별자치도 제주시 한경면 신창리 1321-1,33.3428794,126.1748549
360,공원/산/동.식물원,해거름마을공원,제주특별자치도 제주시 한경면 판포리 1608-7,33.37021266,126.2064169
361,공원/산/동.식물원,한림수족관,제주특별자치도 제주시 한림읍 한림리 935-3,33.41109677,126.2655893
362,공원/산/동.식물원,제주돌마을공원,제주특별자치도 제주시 한림읍 금능리 369,33.35420518,126.2540268
363,공원/산/동.식물원,조천만세동산,제주특별자치도 제주시 조천읍 조천리 1133-2,33.53996959,126.6416662
364,공원/산/동.식물원,걸매생활체육공원축구장,제주특별자치도 서귀포시 서홍동 477-1,33.25039998,126.5546571
365,공원/산/동.식물원,올림픽동산,제주특별자치도 서귀포시 표선면 표선리 443-1,33.33023488,126.837039
366,공원/산/동.식물원,신흥리소공원,제주특별자치도 서귀포시 남원읍 신흥리 2481,33.33095849,126.7501347
367,공원/산/동.식물원,서귀포해양도립공원,제주특별자치도 서귀포시 서홍동 710-1,33.23998479,126.5579612
368,공원/산/동.식물원,토평마을소공원,제주특별자치도 서귀포시 토평동 1261,33.26705395,126.5897446
369,공원/산/동.식물원,성산일출해양도립공원,제주특별자치도 서귀포시 성산읍 신천리 114-3,33.35153668,126.8591927
370,공원/산/동.식물원,제주농업생태원,제주특별자치도 서귀포시 남원읍 하례리 1608-1,33.28714042,126.608352
371,공원/산/동.식물원,아름다운동화공원,제주특별자치도 서귀포시 강정동 176,33.25071268,126.5080293
372,공원/산/동.식물원,새마을소공원,제주특별자치도 서귀포시 대포동 2606-20,33.24544408,126.4404538
373,공원/산/동.식물원,최남단체험테마공원,제주특별자치도 서귀포시 남원읍 남원리 2140-6,33.29011695,126.6931793
374,공원/산/동.식물원,수망리물영아리농산물판매장쉼터,제주특별자치도 서귀포시 남원읍 수망리 산 182-1,33.35992107,126.6925017
375,공원/산/동.식물원,신풍레포츠공원,제주특별자치도 서귀포시 성산읍 신풍리 1567,33.37897352,126.8160589
376,공원/산/동.식물원,사계리해안체육공원,제주특별자치도 서귀포시 안덕면 사계리 3530-7,33.22124921,126.2950971
377,공원/산/동.식물원,스모르공원,제주특별자치도 서귀포시 호근동 1644-1,33.24145144,126.5271947
378,공원/산/동.식물원,왕빛나무쉼터,제주특별자치도 서귀포시 남원읍 수망리 산 126,33.34983753,126.6984966
379,공원/산/동.식물원,올레꾼무인쉼터,제주특별자치도 서귀포시 성산읍 고성리 2196-1,33.4471915,126.9029258
380,공원/산/동.식물원,오조풍낭쉼터,제주특별자치도 서귀포시 성산읍 오조리 155-1,33.46141241,126.9151048
381,공원/산/동.식물원,방문자쉼터,제주특별자치도 서귀포시 표선면 성읍리 3294,33.38844677,126.7882966
382,공원/산/동.식물원,모구리쉼터,제주특별자치도 서귀포시 성산읍 삼달리 418-6,33.37421838,126.8521799
383,공원/산/동.식물원,공천포쉼터,제주특별자치도 서귀포시 남원읍 신례리 92-4,33.26522449,126.6410748
384,공원/산/동.식물원,어린이공원,제주특별자치도 제주시 일도이동 65,33.50224489,126.5448059
385,공원/산/동.식물원,탐라신화공원,제주특별자치도 제주시 조천읍 선흘리 1817-5,33.46303324,126.7104611
386,공원/산/동.식물원,새미은총의동산,제주특별자치도 제주시 한림읍 금악리 365-1,33.35114657,126.3231655
387,공원/산/동.식물원,IUCN기념숲,제주특별자치도 서귀포시 안덕면 동광리 795-1,33.3082168,126.3441762
388,공원/산/동.식물원,제주비블리아성서식물원,제주특별자치도 제주시 한림읍 상명리 1191-5,33.35605821,126.2751285
389,공원/산/동.식물원,제주도관광식물원,제주특별자치도 서귀포시 색달동 2920,33.25271535,126.4135191
390,공원/산/동.식물원,분재예술원(구),제주특별자치도 제주시 한경면 저지리 1534,33.32559823,126.2554771
391,공원/산/동.식물원,베두리오름,제주특별자치도 제주시 연동 270-5,33.49165342,126.4915449
392,공원/산/동.식물원,걸매생활공원,제주특별자치도 서귀포시 서홍동 471,33.24983901,126.5547526
393,공원/산/동.식물원,일도공원,제주특별자치도 제주시 일도이동 46-2,33.50448969,126.5474485
394,공원/산/동.식물원,삼달리공원,제주특별자치도 서귀포시 성산읍 삼달리 1880-1,33.38752011,126.8255376
395,공원/산/동.식물원,4점3평화공원,제주특별자치도 제주시 봉개동 237-2,33.45106676,126.61869
396,공원/산/동.식물원,어린이교통공원,제주특별자치도 제주시 봉개동 산 53-20,33.45147,126.6240443
397,공원/산/동.식물원,체육공원,제주특별자치도 제주시 구좌읍 송당리 1594,33.46972393,126.7748492
398,공원/산/동.식물원,남소로기오름,제주특별자치도 서귀포시 안덕면 서광리 33,33.28919206,126.3335911
399,공원/산/동.식물원,카멜리아힐동백언덕,제주특별자치도 서귀포시 안덕면 상창리 271,33.28976437,126.3698595
400,공원/산/동.식물원,선녀와나무꾼공원,제주특별자치도 제주시 조천읍 선교로 267,33.47898324,126.7031221
401,공원/산/동.식물원,미로공원,제주특별자치도 서귀포시 법환상로2번길 97-13,33.24720295,126.5125703
402,공원/산/동.식물원,혼인지체육공원,제주특별자치도 서귀포시 성산읍 온평리 1268-8,33.39391986,126.8978315
403,공원/산/동.식물원,휴애리자연생태공원,제주특별자치도 서귀포시 남원읍 신례동로 256,33.30793507,126.6392651
404,공원/산/동.식물원,연동공원,제주특별자치도 제주시 연동 1369,33.48233379,126.4884065
405,공원/산/동.식물원,제주생활체육공원,제주특별자치도 제주시 와흘전1길 32,33.47237578,126.6365087
406,공원/산/동.식물원,한원리공원,제주특별자치도 제주시 한경면 두모리 3023,33.33462252,126.2008379
407,공원/산/동.식물원,제원공원,제주특별자치도 제주시 연동 252-23,33.4873801,126.4863077
408,공원/산/동.식물원,하모공원,제주특별자치도 서귀포시 대정읍 하모리 2139-2,33.21875974,126.2524646
409,공원/산/동.식물원,오름공원,제주특별자치도 제주시 오라이동 1820,33.48511355,126.5101537
410,공원/산/동.식물원,설문대할망공원,제주특별자치도 서귀포시 성산읍 풍천로 229-23,33.36297575,126.8353228
411,공원/산/동.식물원,미래일공원,제주특별자치도 서귀포시 서호동 1150,33.25915528,126.5128565
412,공원/산/동.식물원,문화일공원,제주특별자치도 서귀포시 강정동 123,33.2597358,126.5088554
413,공원/산/동.식물원,미래이공원,제주특별자치도 서귀포시 서호동 1453,33.25726824,126.5116387
414,공원/산/동.식물원,문화이공원,제주특별자치도 서귀포시 강정동 138,33.25770898,126.5082627
415,공원/산/동.식물원,신흥리공원,제주특별자치도 서귀포시 남원읍 신흥고수로 30,33.30144821,126.7639207
416,공원/산/동.식물원,서귀포도립공원,제주특별자치도 서귀포시 서홍동 710-1,33.23998479,126.5579612
417,공원/산/동.식물원,토평마을공원,제주특별자치도 서귀포시 토평로50번길 40-6,33.2668541,126.5896794
418,공원/산/동.식물원,무릉이리소공원,제주특별자치도 서귀포시 대정읍 무릉리 산 65-14,33.27240937,126.2453456
419,공원/산/동.식물원,성산일출해양공원,제주특별자치도 서귀포시 성산읍 신천리 114-3,33.35153668,126.8591927
420,공원/산/동.식물원,최남단테마공원,제주특별자치도 서귀포시 남원읍 남위남성로 168,33.28995055,126.6934547
421,공원/산/동.식물원,신풍공원,제주특별자치도 서귀포시 성산읍 남산봉로 247,33.37924362,126.8152027
422,공원/산/동.식물원,사계리해안공원,제주특별자치도 서귀포시 안덕면 사계리 3530-7,33.22124921,126.2950971
423,공원/산/동.식물원,제십구호어린이공원,제주특별자치도 제주시 일도이동 405-3,33.5062879,126.5434568
424,공원/산/동.식물원,탐라신들의고향,제주특별자치도 제주시 조천읍 선흘리 1817-5,33.46303324,126.7104611
425,공원/산/동.식물원,비블리아성서식물원,제주특별자치도 제주시 한림읍 조성로 17,33.35617141,126.2749998
426,공원/산/동.식물원,제주관광식물원,제주특별자치도 서귀포시 색달동 2920,33.25271535,126.4135191
427,공원/산/동.식물원,제주43평화공원,제주특별자치도 제주시 명림로 430,33.45089872,126.6206565
428,공원/산/동.식물원,어린이공원,제주특별자치도 제주시 봉개동 산 53-20,33.45147,126.6240443
429,공원/산/동.식물원,동백언덕,제주특별자치도 서귀포시 안덕면 상창리 271,33.28976437,126.3698595
430,공원/산/동.식물원,혼인지공원,제주특별자치도 서귀포시 성산읍 온평리 1268-8,33.39391986,126.8978315
431,공원/산/동.식물원,돌미로공원,제주특별자치도 서귀포시 성산읍 풍천로 229-23,33.36297575,126.8353228
432,공원/산/동.식물원,서귀포해양공원,제주특별자치도 서귀포시 서홍동 710-1,33.23998479,126.5579612
433,공원/산/동.식물원,최남단체험공원,제주특별자치도 서귀포시 남원읍 남위남성로 168,33.28995055,126.6934547
434,공원/산/동.식물원,사계리체육공원,제주특별자치도 서귀포시 안덕면 사계리 3530-7,33.22124921,126.2950971
435,공원/산/동.식물원,성서식물원,제주특별자치도 제주시 한림읍 조성로 17,33.35617141,126.2749998
436,공원/산/동.식물원,여미지식물원,제주특별자치도 서귀포시 색달동 2920,33.25271535,126.4135191
437,공원/산/동.식물원,풍차공원,제주특별자치도 서귀포시 중문관광로72번길 35,33.24901384,126.4092417
438,공원/산/동.식물원,최남단공원,제주특별자치도 서귀포시 남원읍 남위남성로 168,33.28995055,126.6934547
439,공원/산/동.식물원,사계리공원,제주특별자치도 서귀포시 안덕면 사계리 3530-7,33.22124921,126.2950971
440,체험/레져,삼풍마린레져,제주특별자치도 제주시 화북일동 3988-1,33.51835673,126.5627099
441,체험/레져,제주해양레져,제주특별자치도 서귀포시 중문동 2785,33.2762595,126.426449
442,체험/레져,제일레져스쿠버,제주특별자치도 서귀포시 표선면 표선리 40-10,33.32494249,126.8451225
443,체험/레져,통오름레져우스,제주특별자치도 서귀포시 성산읍 신산리 1906-3,33.38929135,126.8483567
444,체험/레져,제주해양레져스포츠센터,제주특별자치도 서귀포시 안덕면 화순리 2063,33.25535512,126.3289751
445,체험/레져,멍에종합레져승마장,제주특별자치도 서귀포시 성산읍 난산리 2815,33.41312813,126.8327691
446,체험/레져,마린레져,제주특별자치도 제주시 화북일동 3988-1,33.51835673,126.5627099
447,체험/레져,해양레져스포츠센터,제주특별자치도 서귀포시 안덕면 화순서서로 59,33.25625962,126.3281907
448,체험/레져,동부레져타운,제주특별자치도 서귀포시 표선면 번영로 2454,33.40879019,126.7698644
449,테마파크,소인국테마파크,제주특별자치도 서귀포시 안덕면 서광리 725,33.29037685,126.3226754
450,테마파크,감귤테마팜,제주특별자치도 서귀포시 중문동 1199-1,33.26182649,126.4343562
451,테마파크,무병장수테마파크,제주특별자치도 제주시 애월읍 어음리 49,33.39551141,126.3611459
452,테마파크,무병장수테마파크역사문화,제주특별자치도 제주시 애월읍 어음리 49-1,33.39564992,126.3616453
453,테마파크,무병장수테마파크힐링명상센터,제주특별자치도 제주시 애월읍 어음리 49,33.39551141,126.3611459
454,테마파크,화산석테마,제주특별자치도 서귀포시 회수동 576,33.25197597,126.4457036
455,테마파크,에코랜드테마파크,제주특별자치도 제주시 조천읍 교래리 1221-1,33.41404352,126.6748184
456,테마파크,가뫼물농촌테마,제주특별자치도 서귀포시 남원읍 남원리 2019,33.29061983,126.6938072
457,테마파크,백록담흰사슴테마파크,제주특별자치도 서귀포시 안덕면 서광리 160,33.282308,126.3314246
458,테마파크,시크릿테마파크,제주특별자치도 제주시 노형동 244-1,33.45835163,126.4849162
459,테마파크,한라수목원테마파크,제주특별자치도 제주시 연동 1320,33.47057707,126.4884115
460,테마파크,숲폭바이크펀테마파크,제주특별자치도 제주시 조천읍 선흘리 2019-5,33.47889295,126.7011465
461,테마파크,석부작테마,제주특별자치도 서귀포시 호근동 569-8,33.25041046,126.5370319
462,테마파크,제주마테마파크,제주특별자치도 서귀포시 성산읍 난산리 2614,33.41849076,126.8424428
463,테마파크,최남단농촌체험테마,제주특별자치도 서귀포시 남원읍 남원리 2019,33.29061983,126.6938072
464,테마파크,가뫼물제주농촌테마,제주특별자치도 서귀포시 남원읍 남위남성로 164,33.29002591,126.6937668
465,테마파크,흰사슴테마파크,제주특별자치도 서귀포시 안덕면 서광리 160,33.282308,126.3314246
466,테마파크,수목원테마파크,제주특별자치도 제주시 은수길 69,33.47065313,126.488218
467,테마파크,펀테마파크,제주특별자치도 제주시 조천읍 선교로 266-4,33.47894929,126.7006523
468,테마파크,제주천체테마파크,제주특별자치도 제주시 선돌목동길 60,33.44457638,126.5491866
469,테마파크,커피테마파크워터월드,제주특별자치도 서귀포시 월드컵로 31,33.24706787,126.5073624
470,테마파크,라이팅&미디어테마파크,제주특별자치도 서귀포시 토평남로48번길 53,33.26184483,126.5955369
